capture_index,pair_index,robot_visible,unity_frame,shoulder_link,upper_arm_link,forearm_link,wrist_1_link,wrist_2_link,wrist_3_link,right_inner_knuckle,right_outer_knuckle,right_inner_finger,left_inner_knuckle,left_outer_knuckle,left_inner_finger
0,0,1,91,0.000000,-1.047198,1.745329,-0.698132,0.000000,0.000000,0.000000,0.000000,0.000000,0.000000,0.000000,0.000000
1,0,0,102,0.000000,-1.047198,1.745329,-0.698132,0.000000,0.000000,0.000000,0.000000,0.000000,0.000000,0.000000,0.000000
2,1,1,193,0.785398,-1.047198,1.745329,-0.698132,0.000000,0.000000,0.000000,0.000000,0.000000,0.000000,0.000000,0.000000
3,1,0,204,0.785398,-1.047198,1.745329,-0.698132,0.000000,0.000000,0.000000,0.000000,0.000000,0.000000,0.000000,0.000000
4,2,1,295,1.570796,-1.047198,1.745329,-0.698132,0.000000,0.000000,0.000000,0.000000,0.000000,0.000000,0.000000,0.000000
5,2,0,306,1.570796,-1.047198,1.745329,-0.698132,0.000000,0.000000,0.000000,0.000000,0.000000,0.000000,0.000000,0.000000
6,3,1,397,2.356194,-1.047198,1.745329,-0.698132,0.000000,0.000000,0.000000,0.000000,0.000000,0.000000,0.000000,0.000000
7,3,0,408,2.356194,-1.047198,1.745329,-0.698132,0.000000,0.000000,0.000000,0.000000,0.000000,0.000000,0.000000,0.000000
8,4,1,499,3.141593,-1.047198,1.745329,-0.698132,0.000000,0.000000,0.000000,0.000000,0.000000,0.000000,0.000000,0.000000
9,4,0,510,3.141593,-1.047198,1.745329,-0.698132,0.000000,0.000000,0.000000,0.000000,0.000000,0.000000,0.000000,0.000000
10,5,1,601,3.141587,-1.046467,1.746734,-0.686306,0.000060,0.000096,0.000000,-0.000074,0.000016,-0.000039,-0.000068,0.000001
11,5,0,612,3.141587,-1.046443,1.746772,-0.685958,0.000062,0.000099,0.000000,-0.000076,0.000016,-0.000040,-0.000065,0.000001
12,6,1,703,3.141569,-1.043994,1.751205,-0.647743,0.000255,0.000421,0.000000,-0.000316,0.000067,-0.000166,-0.000294,0.000002
13,6,0,714,3.141574,-1.043745,1.751533,-0.644414,0.000272,0.000455,0.000000,-0.000340,0.000071,-0.000177,-0.000289,0.000002
14,7,1,805,3.141531,-1.040742,1.756606,-0.599715,0.000496,0.000841,0.000000,-0.000609,0.000133,-0.000330,-0.000602,0.000005
15,7,0,816,3.141574,-1.039286,1.758231,-0.581504,0.000595,0.001043,0.000000,-0.000746,0.000155,-0.000386,-0.000627,0.000005
16,8,1,907,0.000000,-2.094395,2.094395,0.000000,0.000000,0.000000,0.000000,0.000000,0.000000,0.000000,0.000000,0.000000
17,8,0,918,0.000000,-2.094395,2.094395,0.000000,0.000000,0.000000,0.000000,0.000000,0.000000,0.000000,0.000000,0.000000
18,9,1,1009,0.785398,-2.094395,2.094395,0.000000,0.000000,0.000000,0.000000,0.000000,0.000000,0.000000,0.000000,0.000000
19,9,0,1020,0.785398,-2.094395,2.094395,0.000000,0.000000,0.000000,0.000000,0.000000,0.000000,0.000000,0.000000,0.000000
20,10,1,1111,1.567406,-2.059316,2.085007,0.001374,-0.000007,-0.000029,0.000000,-0.000053,0.000013,-0.000033,-0.000045,0.000001
21,10,0,1122,1.567377,-2.059326,2.084138,-0.005181,-0.000066,-0.000130,0.000000,-0.000010,0.000005,-0.000012,-0.000015,0.000001
22,11,1,1213,2.346332,-2.061612,2.081059,0.001120,-0.000031,-0.000187,0.000000,-0.000315,0.000060,-0.000140,-0.000182,0.000001
23,11,0,1224,2.346387,-2.061840,2.080459,-0.003788,-0.000074,-0.000244,0.000000,-0.000255,0.000048,-0.000113,-0.000142,0.000001
24,12,1,1315,3.154641,-2.037875,1.897707,0.020483,0.000046,-0.000161,0.000000,-0.000514,0.000136,-0.000311,-0.000480,0.000001
25,12,0,1326,3.154670,-2.038487,1.900903,0.024210,0.000085,-0.000085,0.000000,-0.000518,0.000135,-0.000309,-0.000478,0.000001
26,13,1,1417,4.018859,-1.996415,2.091108,-0.035361,-0.000249,-0.000345,0.000001,0.000353,-0.000089,0.000248,0.001538,-0.000013
27,13,0,1428,4.020307,-2.001139,2.092189,-0.027454,-0.000553,-0.001131,0.000001,-0.000668,0.000128,-0.000351,-0.000775,0.000005
28,14,1,1519,3.196892,-1.324741,2.095701,0.023241,-0.001001,-0.000334,-0.000001,-0.000300,0.000226,-0.000613,-0.000603,0.000027
29,14,0,1530,3.181910,-1.303601,2.100452,0.117230,-0.000272,0.004308,0.000000,0.003647,-0.000490,0.001102,0.003809,0.000011
30,15,1,1621,3.621709,-2.047970,2.092087,0.007570,0.000074,-0.000071,0.000000,-0.000239,0.000069,-0.000162,-0.000150,0.000004
31,15,0,1632,3.612442,-2.019463,2.087342,-0.065709,-0.001331,-0.002373,-0.000001,-0.000833,0.000276,-0.000763,-0.001794,0.000046
